NHS_NUMBER,DATE_OF_BIRTH,FAMILY_NAME,GIVEN_NAME,OTHER_GIVEN_NAME
9730148260,25/11/1939,WARREN,Lee,
9730148279,10/12/2010,McADAM,Max,James
9730148287,09/12/2020,CREWE,Edmond,Toby
9730148295,18/04/2023,MCHALE,Eugene,Ernest
9730148309,15/04/1989,MALONE,Pete,Norman
9730148317,17/05/2023,BOWLES,Gavin,Rhys
9730148325,31/03/2017,GAHAN,Miles,Leslie
9730148333,25/01/2020,SINKER,Wayne,Jimmy
9730148341,02/06/2018,OATES,Rufus,Giles
9730148368,08/03/2022,DOURAS,Ted,Marvin
9730148376,21/04/2018,PLATT,Derek,James
9730148384,28/06/2023,UPTON,Gary,
9730148392,30/03/2010,PECK,Matt,Graham
9730148406,19/02/2020,SAVVIN,Alan,Cyril
9730148414,28/05/2023,DABNER,Kurt,
9730148422,03/09/2023,AL-HASAN,KALIQ,
9730148430,03/05/2023,MOODY,Frank,Milo
9730148449,19/10/1961,FRANK,Dwayne,Dennis
9730148457,29/10/2023,FRITH,Martin,Daren
9730148465,17/02/2021,LAHAN,BHASKAR,LAKSHMAN
9730148473,31/01/2014,MILNES,Howard,Lucien
9730148481,27/11/2008,McGILL,Hugh,Owen
9730148503,05/06/2018,NELSON,Herman,Felix
9730148511,28/06/2019,HYDE,Gavin,
9730148538,30/12/1981,PACKER,Donald,Josh
9730148546,21/09/2023,GARTON,Victor,
9730148554,29/07/2015,RAMSEY,Hector,Jimmy
9730148562,05/04/2020,KNEALE,Edward,
9730148570,15/11/1988,KEHOE,Gerald,Neil
9730148589,06/06/2021,TALEBI,AHMED,HUDHAIFA
9730148597,21/11/2012,BUNYAN,ANWILL,TRAVION
9730148600,08/08/1960,BISSON,Clive,Gordon
9730148619,09/09/2023,MALLEY,Ivan,
9730148627,26/06/2021,SEDDON,Graham,Dale
9730148635,30/08/1960,HSING,HUI,YAOZU
9730148643,23/07/2021,WEISS,ZADOK,HEBER
9730148651,08/09/2023,TALBOT,Trevor,Walter
9730148678,06/06/2023,SUM,SHEN,SHI
9730148686,14/03/2023,MANTON,James,Edgar
9730148694,04/11/2019,BOWERS,Joel,Ralph
9730148708,07/04/2023,DAVIS,CIYDE,CADWGAWN
9730148716,04/06/1963,POOLEY,Greg,Dennis
9730148724,09/08/1925,HAKHNAZARIAN,HAMZA,RAAJI
9730148732,23/07/2023,DORAN,Roy,Roy
9730148740,26/04/2023,LEEVON,Julius,Chas
9730148759,30/12/2019,HEENEY,Harold,Sean
9730148767,15/11/2022,WILD,Manuel,Basil
9730148775,07/02/1968,HOWSE,Marcus,Lucien
9730148783,12/05/2023,DREW,Bill,
9730148791,06/10/2010,DEAVES,Simon,
9730148805,06/09/2023,DEVLIN,Sven,Edward
9730148813,12/10/2015,BOYD,Otis,Enoch
9730148821,21/08/2023,ALDIS,Dan,Terry
9730148848,05/09/2015,ROHRER,Samuel,Bill
9730148856,15/01/2008,OSLAND,Aaron,Joseph
9730148864,09/05/2021,HIRD,Bill,Donald
9730148872,28/03/2019,MOONEY,Mark,Hubert
9730148880,01/08/2023,HORA,Amos,Gideon
9730148899,06/09/2023,LANG,Ian,Tommy
9730148902,23/02/2023,LOUDON,Ted,
9730148910,03/05/1964,CRUISE,Nigel,Ian
9730148929,01/01/2019,RICK,Bart,
9730148937,28/02/2017,KELLET,Dennis,
9730148945,01/03/2006,FLOOD,Karl,Jacob
9730148953,30/10/2023,JONES,Paul,James
9730148961,14/06/2023,ROUZEE,Lucas,Jordan
9730148988,04/02/2023,HAM,Lionel,
9730148996,02/05/2020,NILES,Darren,
9730149003,05/08/2020,PYPER,Morris,Colin
9730149011,26/08/2023,EVERY,Brett,
9730149038,24/09/2023,DARRAH,Ray,Levi
9730149046,22/07/2023,CRABB,Albert,
9730149054,05/12/2014,GRIEVE,Lucien,Wesley
9730149062,04/05/2023,SHWENN,James,Edward
9730149070,31/10/2023,COOPER,Wilbur,Isaac
9730149089,06/05/2013,OSBORN,West,Miles
9730149097,13/07/2023,MURTA,Warren,Roger
9730149100,25/07/2016,BURTON,Rupert,Ronald
9730149119,08/02/2018,LEEPER,Lionel,Ted
9730149127,21/03/2023,OUSEY,Harley,
9730149135,04/11/2023,STUART,Gideon,Martin
9730149143,16/09/2023,SPEIRS,Sean,Morris
9730149151,29/07/2023,FLOWER,Joel,
9730149178,28/10/2023,KEHOE,Brett,Victor
9730149186,02/09/2011,TALBOT,Joshua,
9730149194,11/07/2008,MCGEER,Lucien,
9730149208,21/12/2009,WINTON,Sam,Dan
9730149216,22/09/2023,SIDDHI,PRASHANTA,TRIPADA
9730149224,16/09/2009,RODDEN,Donald,Philip
9730149232,13/08/2023,McGINN,Albert,Bert
9730149240,28/08/2023,HANNAY,Lance,Hubert
9730149259,16/07/1986,LEVUS,Jonas,Lewis
9730149267,12/07/2023,CORS,Adrian,
9730149275,02/11/2023,ELAM,Leslie,Tommy
9730149283,28/10/2023,GILLIN,Adam,Irving
9730149291,14/02/2009,ELLIS,Vernon,
9730149305,20/06/1990,BANTON,Arthur,
9730149313,08/09/1968,KIRKUS,Jules,
9730149321,07/02/2023,FEI,LI,YUNXU
9730149348,19/11/1960,MADGE,Levi,Randal
9730149356,31/07/2023,FREYER,Chas,Bob
9730149364,23/12/2010,CASEY,Steven,Ben
9730149372,16/11/1927,FAGAN,Guy,Abel
9730149380,03/09/2023,DOLAN,Brian,Duncan
9730149399,21/01/1963,KIDDIE,Martin,Dale
9730149402,28/06/2022,SEARCH,Oliver,Lloyd
9730149410,26/11/2007,CRABB,Rhys,Karl
9730149429,15/09/2023,DAWES,Thomas,Jason
9730149437,23/10/1977,REA,Earl,Duncan
9730149445,05/12/1958,MIRZAPOUR,MAAIZ,BASIL
9730149453,06/07/1962,LEAKE,Colin,Kurt
9730149461,20/09/2023,KEWLEY,Ivor,
9730149488,03/09/2023,VENTRE,Lucas,
9730149496,26/06/2017,HALE,Lucien,Max
9730149518,14/09/2021,BYRNE,Nigel,Harvey
9730149526,03/11/2013,TS'AO,HONG,
9730149534,03/08/2023,SYME,David,
9730149542,10/10/2022,JORDAN,Gerald,
9730149550,21/01/2010,ADJEI,ZAYD,DHAKI
9730149569,24/08/2023,MARSH,Marvin,
9730149577,21/12/2019,GREENE,Walter,Edmund
9730149585,22/01/1960,HEALD,Roy,Robin
9730149593,08/06/2023,MOORES,Dean,Milo
9730149607,04/11/2023,BAINES,Barry,Gus
9730149615,20/10/2016,HEENEY,Caleb,Carl
9730149623,21/04/2021,CLAMP,Simon,
9730149631,12/06/2022,MELBEN,Jacob,
9730149658,08/03/2023,KASCH,Joseph,Daren
9730149666,19/09/2023,FITTON,Caleb,Melvin
9730149674,09/07/2009,DENNAN,Otis,
9730149682,09/09/2010,MATHER,Evan,Rubin
9730149690,09/07/2021,HOOTON,Herman,Hector
9730149704,06/03/2022,PENNY,Ian,
9730149712,12/08/2017,STOREY,Ted,Tony
9730149720,19/12/2007,LUCAS,Austin,
9730149739,27/06/1994,IENG,BOLIN,
9730149747,07/07/2020,MUTLOW,Marcus,Ernest
9730149755,16/12/2019,GERARD,Aaron,
9730149763,19/08/2018,BRINE,Leo,Virgil
9730149771,19/12/2022,VALE,Ivan,Graham
9730149798,03/08/2023,REAY,Cyril,
9730149801,24/09/2023,RIES,Lee,
9730149828,29/09/2019,VAREY,Sven,Otis
9730149836,22/04/2023,FUNG,YANG,XIN
9730149844,19/02/2016,KEMP,Henry,
9730149852,05/12/2015,KELLY,GWITART,
9730149860,28/06/2009,DYBALL,Brett,Eli
9730149879,29/08/2023,TOOTLE,Kurt,Jon
9730149887,24/02/2022,CARDER,Glen,Bob
9730149895,25/10/2023,LLOYD,Thomas,Victor
9730149909,17/11/2008,CAI,WENYAN,
9730149917,16/01/2019,FLOWER,Calvin,David
9730149925,27/05/2020,TUCKER,Kurt,Rodney
9730149933,16/06/2023,CARNE,GLEIS,MORGAN
9730149941,04/11/2023,HOARE,Sidney,Iain
9730149968,03/11/2023,HENLEY,Percy,Rupert
9730149976,16/09/2023,BYATT,Sean,Mark
9730149984,01/11/2018,LEECH,Alec,Victor
9730149992,12/09/2023,EBLING,Lance,Isaac
9730150001,23/06/2011,HANKEY,Matt,Alfred
9730150028,31/08/2008,EAUDE,Will,Dan
9730150036,21/06/1961,KHANNA,ESHARVEER,SINGH
9730150044,20/05/2023,VEDANANDA,JIVIN,
9730150052,24/09/2023,SHAW,Guy,Oscar
9730150060,25/11/2022,BROOKS,Owen,Elias
9730150079,24/09/2023,DAVIES,Olaf,Shaun
9730150087,21/09/2023,DUNPHY,Gerald,
9730150095,14/05/2018,TUPPER,Edmund,
9730150109,14/07/2023,CARTHY,Dudley,
9730150117,13/02/2015,VENTRE,Horace,
9730150125,01/11/2016,MANSON,Ivor,Gus
9730150133,06/08/2012,TYLER,John,
9730150141,24/10/2015,MANION,Alan,Jack
9730150168,18/05/2023,KYFFIN,Jeff,
9730150176,25/06/2018,BARRIE,Greg,Barry
9730150184,25/05/2023,HYMAN,Scott,Horton
9730150192,20/09/1930,STEANE,Lionel,Bert
9730150206,16/11/2018,HEWETT,Joel,
9730150214,06/09/2023,HINTON,Tommy,Tim
9730150222,22/11/2017,BRABIN,Terry,Alfred
9730150230,16/11/2019,WALSH,Jeff,
9730150249,01/01/2020,DWYER,Milo,
9730150257,30/10/2023,WOOD,Lee,Neil
9730150265,22/08/2023,MUDIE,Oswald,
9730150273,14/02/2023,PATE,Marvin,Harvey
9730150281,08/04/1930,BOYLE,Glen,
9730150303,09/02/2014,WALTER,Oswald,Barry
9730150311,25/09/2019,HOYTE,Joshua,Daren
9730150338,27/08/2022,TELLET,Albert,Mervyn
9730150346,03/09/1959,LOWERY,Bob,Lance
9730150354,06/08/2016,SELBY,Rufus,Kieran
9730150362,25/09/2012,IAU,SHANYUAN,YAOCHUAN
9730150370,10/09/2023,IRVINE,Leslie,Nathan
9730150389,07/05/2019,UNG,ZHEN,YUSHENG
9730150397,20/07/2021,EAGLES,Shaun,Justin
9730150400,06/05/2023,COULCH,West,Harvey
9730150419,22/05/2023,NITYA-SUNDARA,SUPRAKASH,
9730150427,01/01/2018,NOCTON,Mathew,
9730150435,10/01/1982,DAVEY,Gordon,
9730150443,14/10/1981,RIES,Martin,Elias
9730150451,24/02/2013,BRIDLE,Steve,Jason
9730150478,19/06/2012,SHEPP,Eli,Levi
9730150486,07/09/2018,SIZE,Felix,
9730150494,14/07/2023,LONG,Howard,
9730150508,26/09/1958,TAFT,Robin,Randal
9730150516,08/10/1946,KAYE,Felix,Caleb
9730150524,25/04/2019,POVALL,Stuart,
9730150532,09/03/2009,AZRIA,KARDAL,HASAN
9730150540,07/09/2023,TAPI,IDRIS,RAJIT
9730150559,25/10/2011,GRACE,Roland,Conrad
9730150567,24/07/2015,CHETAN,JASVEER,SINGH
9730150575,12/08/2023,UNGI,Damien,Alfred
9730150583,27/06/2023,IZZO,DORIAN,INIGO
9730150591,23/12/2022,WHITBY,Moses,Lewis
9730150605,11/01/2019,CHEUNG,XIAOSHENG,
9730150613,04/04/2023,NICOL,Julius,Tim
9730150621,12/12/1993,BROOK,Carl,Robert
9730150648,07/08/2016,SIMNER,Jordan,
9730150656,01/06/1958,HAYDEN,Tom,Luke
9730150664,10/04/2011,BRYAN,Steven,Derek
9730150672,07/12/1949,PANYALA,VIJANYENDRA,DEVEN
9730150680,28/02/2015,ABE,JORY,
9730150699,20/09/2023,CHUCK,Matt,
9730150702,27/07/2018,COTTLE,Cyril,Lewis
9730150710,21/08/2020,BRYDEN,Dan,Jonas
9730150729,01/11/2023,UPTON,Harold,
9730150737,06/06/2023,SLOAN,Ivor,Roland
9730150745,09/06/2020,DEACY,Austin,Sven
9730150753,11/06/2015,POOLE,Matt,Eric
9730150761,15/07/2023,NEILL,Tommy,
9730150788,17/07/2023,TEMPLE,Dennis,
9730150796,02/06/2018,HATTON,Shaun,Noel
9730150818,22/01/2009,CORNAH,Karl,
9730150826,09/08/2023,HILLS,Julius,
9730150834,01/09/1961,SKYRME,Conrad,
9730150842,02/04/2019,MILNES,Bill,
9730150850,16/09/2023,OLDHAM,Eric,Melvin
9730150869,08/07/1959,STYCHE,Adrian,
9730150877,01/11/1974,BANTON,Harry,Donald
9730150885,04/12/2018,PEERS,Ray,Karl
9730150893,18/09/2023,HOAKES,Martin,Ian
9730150907,29/10/2023,SLEE,Andrew,
9730150915,19/12/1962,GURNEY,Robert,Alan
9730150923,12/08/1968,GROGAN,Edwin,Matt
9730150931,19/09/2017,BURTON,Thomas,Ivan
9730150958,18/02/2023,SAXTON,Oswald,Aaron
9730150966,24/06/2007,FOGO,Clive,Damien
9730150974,07/02/2008,FANNER,Stuart,Glen
9730150982,07/05/2006,DROHAN,Rhys,Oswald
9730150990,13/08/2023,CARLIN,Graham,Paul
9730151008,15/08/2023,CORBY,Dale,
9730151016,27/12/2008,HENLEY,Lucien,Jason
9730151024,30/10/2022,BRYNE,Otto,
9730151032,12/06/2001,HOFFMAN,YISSACHAR,
9730151040,12/06/2008,EVANS,Samuel,Warren
9730151059,05/02/2023,IRLAM,Oscar,Earl
9730151067,20/02/2014,MANEKSHAW,INDER,BHOOSHAN
9730151075,20/09/2023,SIMNER,Wilbur,Noel
9730151083,30/05/2023,MENAI,DAI,TUDOR
9730151091,04/08/2014,RONSON,Austin,Sam
9730151105,21/08/2020,SUGDEN,Albert,Olaf
9730151113,12/07/2015,FORMBY,Norman,Barry
9730151121,14/10/2007,COOPER,Kieran,Marcus
9730151148,04/01/2023,KEENAN,Josh,
9730151156,17/06/2022,BOWDEN,Conrad,Hugh
9730151164,27/04/2023,RIBEIROCAMARA,ZEKE,KENNY
9730151172,10/03/2016,SWEDE,Jeff,Stuart
9730151180,12/11/1983,DISLEY,Lewis,Albert
9730151199,13/07/2023,WATKIN,Adrian,
9730151202,02/09/2010,DENARO,Joshua,Randal
9730151210,18/01/2022,DENTON,Basil,
9730151229,26/10/2023,WEIR,Giles,
9730151237,25/09/2015,HANNAH,Jim,Gary
9730151245,25/09/1964,CRANDELL,GLEW,MENW
9730151253,08/07/1960,MULLETT,LONNIE,AAREN
9730151261,09/06/1976,MAIN,West,
9730151288,14/02/2008,TIGHE,Stuart,
9730151296,19/01/2016,DILL,Walter,Walter
9730151318,23/07/2023,TU,LONG,
9730151326,23/09/2023,HODGE,Pete,Thomas
9730151334,26/10/2019,GOLL,Howard,Donald
9730151342,17/10/2022,RANCE,Randal,Simon
9730151350,14/06/1999,PUGH,Amos,Antony
9730151369,17/10/2023,LEIGH,Will,James
9730151377,07/08/2011,GWIN,Rhys,Joshua
9730151385,30/03/2023,MELLOWS,VINNIE,
9730151393,13/03/2012,ROBINS,Hugh,
9730151407,30/11/2022,GRANT,Bill,
9730151415,23/05/2010,ONIONS,Philip,Shaun
9730151423,02/03/2022,TSAO,TINGZHE,CHEN
9730151431,02/05/1949,OATES,Oswald,
9730151458,22/08/2005,JALALIAN,MAUDAD,MUAAID
9730151466,03/03/2023,BUTLER,Lee,Owen
9730151474,21/08/1991,EYES,Edwin,Sam
9730151482,09/09/2023,DEVLIN,Andrew,Victor
9730151490,06/09/2023,ATLEY,Sidney,Nathan
9730151504,28/07/2011,HAWES,Robert,Cyril
9730151512,22/06/2023,MOON,Willis,Louie
9730151520,08/07/2023,SHIEH,MINSHENG,DUYI
9730151539,05/09/2023,BRYNE,Bruce,Carl
9730151547,10/09/2023,PALMER,Sam,
9730151555,19/07/2023,KHATTRI,MANDEEP,SINGH
9730151563,08/09/1933,PERCY,Calvin,Eli
9730151571,01/08/2020,SANDIPAN,VILOKAN,JILESH
9730151598,01/09/2007,HARPUR,Isaac,Marvin
9730151601,12/02/2011,MANOHAR,DARSHANBIR,
9730151628,07/10/2020,NEWNES,Brian,Ray
9730151636,21/02/2023,MALLEY,Roy,Oliver
9730151644,25/03/2017,MULLIN,Hector,Oliver
9730151652,16/10/2023,NAGASHIMA,HUBERT,
9730151660,15/12/2022,ORTON,Darren,Otis
9730151679,16/12/1972,GAVARASANA,BALAHADRA,VIBISHANA
9730151687,29/10/2023,WEI,WEIMIN,PARK
9730151695,04/11/2023,HYFLE,George,Wilbur
9730151709,31/12/1931,TEAT,Andrew,
9730151717,18/11/1996,PAYNE,Arnold,Conrad
9730151725,14/09/2021,VIGGOR,Edwin,
9730151733,30/07/2023,CURWEN,Matt,
9730151741,11/03/2018,TAFT,Tony,
9730151768,22/09/2023,LALLY,RAUSHAN,SINGH
9730151776,09/12/2022,HANNAH,Ray,Cecil
9730151784,04/04/2017,HOWAT,Ted,Amos
9730151792,16/05/2023,MADGE,Jonas,
9730151806,15/08/2016,CASH,Henry,Levi
9730151814,21/08/2023,ORRELL,Joel,Austin
9730151822,26/07/2023,DENARO,Dwayne,Roger
9730151830,05/07/2010,ORR,Julian,
9730151849,28/02/1986,CLYDE,Cyril,Donald
9730151857,23/09/2023,MANGAN,Rubin,Horace
9730151865,15/07/1943,McCOAG,Sean,Alan
9730151873,12/08/2015,LEASK,Tim,Gavin
9730151881,08/09/2023,FERNS,Barry,Amos
9730151903,03/02/2021,CORRIN,Earl,Leo
9730151911,16/04/2020,ELDER,Andrew,Conrad
9730151938,28/04/2023,ANGUS,Rubin,Dwayne
9730151946,28/08/2015,RANJANI,BHAIRAV,
9730151954,14/08/2018,JORDEN,BENNY,
9730151962,22/09/2023,RONAN,Mike,Jim
9730151970,27/10/2020,FEARNS,Enoch,Basil
9730151989,09/01/2020,EMERY,Stefan,Calvin
9730151997,31/03/2020,ABIJAH,ABRAHAM,ARON
9730152004,22/09/2023,PEERS,Oswald,
9730152012,06/11/2009,WESTON,Bob,Sidney
9730152020,22/02/1965,MARKENDAYA,SUMANTRA,ACHIR
9730152039,22/01/2022,POOLEY,Joshua,Ivan
9730152047,04/11/2023,MORAN,Lucien,
9730152055,21/11/2006,WEBB,Huw,Joseph
9730152063,21/05/2021,DRURY,Enoch,Irving
9730152071,30/10/2003,LINTON,Alec,
9730152098,05/10/2017,LATHAM,Julius,
9730152101,16/07/2023,TURTON,MORGEN,ISHMAEL
9730152128,04/11/2023,RUTH,Jacob,
9730152136,13/02/2018,KENYON,Dwayne,Owen
9730152144,08/09/1982,BOWMAN,Stuart,
9730152152,20/10/2023,PYPER,Kurt,
9730152160,18/04/2007,DOBSON,Otis,
9730152179,13/03/2007,AZZOPARDI,SHALOM,JOTHAM
9730152187,06/01/2017,SOONG,YUL,YONGLIANG
9730152195,17/05/1979,CARTY,Oliver,Glen
9730152209,12/08/2015,BRUCE,Wayne,
9730152217,02/01/2010,FITTON,Greg,Luke
9730152225,08/10/1935,RIGNEY,Kevin,Lewis
9730152233,24/06/2018,PUELMA,Louie,Stan
9730152241,29/11/1931,COBBEY,Josiah,Alan
9730152268,24/06/2007,CHIN,XING,XIAOWEN
9730152276,22/08/1980,SIMKIN,Austin,Earl
9730152284,15/08/2011,POTTS,Chas,Elias
9730152292,23/09/2008,SYKES,Eugene,Enoch
9730152306,25/12/1997,FOWLER,Lloyd,
9730152314,30/11/2016,HUNTER,Enoch,
9730152322,24/02/2015,LEAH,Manuel,
9730152330,17/05/2006,AITKEN,Lee,Manuel
9730152349,18/08/2019,MANN,Marvin,Darren
9730152357,20/08/2023,LAI,JING,
9730152365,07/09/2023,PRIOR,Louie,Elias
9730152373,28/10/2008,SAMRAN,GURJEEVAN,SINGH
9730152381,21/06/2023,BEN-AVI,EZEKIEL,VENAMIN
9730152403,03/01/1959,ELSTON,Wesley,Max
9730152411,17/09/2023,HASEN,Sam,Alfred
9730152438,30/10/2023,BROCK,Bart,
9730152446,03/10/2011,ZAMRI,QUASIM,WISAAM
9730152454,23/03/2019,McCOLL,Enoch,
9730152462,22/08/2023,ROHRER,Steve,
9730152470,20/08/1964,MACQUHIRR,COLTON,
9730152489,19/07/2023,FERGUS,Ernest,Walter
9730152497,03/09/2023,VOS,Gavin,
9730152500,29/12/1959,GAMBLE,Dean,
9730152519,03/12/2017,FU,CHAO,ZEDONG
9730152527,03/05/2007,WARREN,Manuel,Mervyn
9730152535,28/10/2023,RONNAN,Kevin,
9730152543,10/01/2012,VINEET,DAMODAR,
9730152551,23/12/2020,McGEE,Ivan,Ivor
9730152578,17/07/1963,FLING,Brian,Brian
9730152586,10/09/2023,OATES,Bob,Percy
9730152594,02/03/2023,BAINS,RASJEEVAN,SINGH
9730152608,20/09/2023,SIMMS,Luke,
9730152616,15/04/2023,FENN,George,
9730152624,08/07/2023,SLOANE,Joshua,
9730152632,16/04/2021,AL-SUWAIDI,BASIL,SAAJID
9730152640,30/12/2016,CURATELLO,OSCAR,ZACKERY
9730152659,29/08/2023,LOCKER,Rupert,
9730152667,25/01/1927,MYLER,Jordan,Lucas
9730152675,12/08/1939,GANDY,Conrad,Edgar
9730152683,07/10/1975,HOPTON,Arthur,
9730152691,29/01/2023,WHALON,Harley,Noel
9730152705,09/07/2008,SLIGHT,Dan,Abel
9730152713,20/09/2023,AZRIA,SHUNNAR,NIZAAR
9730152721,06/09/2023,SOUTH,Brian,
9730152748,03/02/2023,HUME,Ivan,Shane
9730152756,18/07/2023,CRANE,Walter,
9730152764,21/07/2022,ENZAM,SHELL,TRENT
9730152772,31/03/2013,GRAHAM,Jon,Earl
9730152780,25/08/1927,EAGLES,Derek,Warren
9730152799,27/03/1998,FENN,Roy,Roy
9730152802,15/08/2023,MAKINS,Eugene,Vernon
9730152810,22/10/2022,ARAP-NG'ENY,MUTI,AARIF
9730152829,25/07/2018,JHUTI,UTTAMREET,SINGH
9730152837,18/12/2022,RALPH,Sean,
9730152845,11/03/2013,MUINER,Rhys,
9730152853,13/03/1926,RUDKIN,Gus,Ernest
9730152861,01/09/2011,KAUL,AMRITLEEN,
9730152888,06/08/2009,PARKER,Noel,Jack
9730152896,06/07/2023,AGATE,CHADWICK,
9730152918,19/12/2011,CASEY,Enoch,Ivan
9730152926,30/08/2023,DOYLE,Don,Jordan
9730152934,28/05/2012,GILDEA,Virgil,Steve
9730152942,22/02/2022,CONNOR,Matt,Jason
9730152950,28/09/2008,OLDHAM,Derek,Bart
9730152969,15/04/2014,SING,John,
9730152977,17/06/2018,HOPLEY,Fred,
9730152985,14/05/2023,ALKHUDRI,ISAAM,
9730152993,24/03/2016,STOKES,Julian,
9730153000,26/07/1953,CREWE,Roger,Giles
9730153019,19/08/2021,GRIST,Greg,
9730153027,10/12/2009,REZEY,Dean,
9730153035,07/05/2006,MELLOY,Barry,
9730153043,20/09/2023,MACARA,Cecil,Rufus
9730153051,20/05/2023,KIANI,MOHAMMED,
9730153078,20/01/2016,BANKS,John,Marvin
9730153086,10/11/2022,RICE,Jimmy,
9730153094,08/07/2010,KEMP,Joshua,Martin
9730153108,18/08/2013,LUNDY,Barry,James
9730153116,17/09/2014,TODD,Felix,Enoch
9730153124,03/08/2012,HINE,Morris,Larry
9730153132,18/10/2017,EVANS,Huw,Pete
9730153140,04/03/2023,SOONES,Herman,Warren
9730153159,12/01/2023,NEARY,Randy,Jim
9730153167,17/07/2023,PATIALA,SUKHJEET,SINGH
9730153175,30/06/2023,MAHER,Damien,Ronald
9730153183,27/12/2020,FLOOD,Daren,Ross
9730153191,05/02/1993,DAI,ZHONG,YONGLIANG
9730153205,06/09/2023,KLER,JOGINDAR,
9730153213,02/10/1960,BULGER,Lucas,
9730153221,26/05/2019,AVERY,Walter,
9730153248,23/05/2014,FOOT,Henry,Dennis
9730153256,07/07/2023,WOODS,Bob,
9730153264,11/07/2011,KALS,LIVPREET,SINGH
9730153272,20/11/2011,NEISH,Jack,
9730153280,17/07/1989,WHITBY,Duncan,Louie
9730153299,05/08/2005,ROUSE,Norman,Lucas
9730153302,03/06/1963,PAPATRANAL,PUNYABRATA,
9730153310,27/08/2023,SEARS,Darren,Duncan
9730153329,07/01/1965,KABIR,RASGUN,SINGH
9730153337,08/09/2023,LANG,DEWEI,JIANG
9730153345,19/05/2023,VIRK,BALJEET,SINGH
9730153353,25/04/1959,PROLES,Simon,Donald
9730153361,02/02/2021,SQUIRE,Horace,
9730153388,02/05/2018,MOON,Alan,Mervyn
9730153396,16/02/2017,DEBES,Ronald,
9730153418,13/10/2010,PART,Kieran,Horton
9730153426,09/09/2023,DAULBY,Louie,
9730153434,08/08/2006,BHUPPAL,SUKHCHAIN,
9730153442,05/08/1962,MAWSON,Scott,Mervyn
9730153450,26/02/2021,CHIA,ZEDONG,
9730153469,11/02/2022,WAUGH,Brett,Oswald
9730153477,31/01/2017,RIGNEY,Paul,
9730153485,02/10/2016,MUNRO,Philip,
9730153493,10/07/2023,THIAN,HAATIM,
9730153507,11/07/2023,SILK,Matt,Milo
9730153515,24/11/2019,TUSON,Isaac,Mike
9730153523,08/07/2023,POTTS,Nathan,Josh
9730153531,20/01/2023,PEENEY,Garth,Dennis
9730153558,04/04/2023,LAWLER,Evan,Barry
9730153566,22/06/2023,TEMPLE,Giles,Roger
9730153574,12/09/2020,TOPHAM,Earl,Bill
9730153582,20/11/2005,SUDHANSHU,JIHAN,SOUMYAKANTI
9730153590,19/07/2023,NILSEN,Kurt,Clive
9730153604,27/07/2023,SPEED,Stan,Ben
9730153612,06/08/2023,MALLON,John,Edmund
9730153620,12/12/1969,COOGAN,DARELL,GORD
9730153639,14/03/2023,SMITH,Ben,Evan
9730153647,04/05/2015,DOURAS,Evan,
9730153655,17/08/2021,DEACY,Marcus,
9730153663,07/09/2023,CRUTE,Dwayne,
9730153671,11/07/2023,FITKIN,JETHRO,
9730153698,03/03/1960,VESSEY,Olaf,Ivor
9730153701,25/11/2022,GERMEY,Julian,Josiah
9730153728,04/05/1962,MORGAN-EVANS,EINIAN,URIEN
9730153736,30/11/1939,MACVAY,Rupert,Horace
9730153744,28/05/1977,SHEEN,Lionel,